"","#","N","a","b","cp","d","g","h","NT"
"1","ExpM_cond1","100","0","0","0.14","0.3","0","0","1"
"2","ExpM_cond2","100","0","0","0.14","0.3","0","0.14","1"
"3","ExpM_cond3","100","0","0","0.14","0.3","0.14","0","1"
"4","ExpM_cond4","100","0","0","0.14","0.3","0.14","0.14","1"
"5","ExpM_cond5","100","0","0","0.14","0.5","0","0","1"
"6","ExpM_cond6","100","0","0","0.14","0.5","0","0.14","1"
"7","ExpM_cond7","100","0","0","0.14","0.5","0.14","0","1"
"8","ExpM_cond8","100","0","0","0.14","0.5","0.14","0.14","1"
"9","ExpM_cond9","100","0","0","0.14","0.8","0","0","1"
"10","ExpM_cond10","100","0","0","0.14","0.8","0","0.14","1"
"11","ExpM_cond11","100","0","0","0.14","0.8","0.14","0","1"
"12","ExpM_cond12","100","0","0","0.14","0.8","0.14","0.14","1"
"13","ExpM_cond13","100","0","0.14","0.14","0.3","0","0","1"
"14","ExpM_cond14","100","0","0.14","0.14","0.3","0","0.14","1"
"15","ExpM_cond15","100","0","0.14","0.14","0.3","0.14","0","1"
"16","ExpM_cond16","100","0","0.14","0.14","0.3","0.14","0.14","1"
"17","ExpM_cond17","100","0","0.14","0.14","0.5","0","0","1"
"18","ExpM_cond18","100","0","0.14","0.14","0.5","0","0.14","1"
"19","ExpM_cond19","100","0","0.14","0.14","0.5","0.14","0","1"
"20","ExpM_cond20","100","0","0.14","0.14","0.5","0.14","0.14","1"
"21","ExpM_cond21","100","0","0.14","0.14","0.8","0","0","1"
"22","ExpM_cond22","100","0","0.14","0.14","0.8","0","0.14","1"
"23","ExpM_cond23","100","0","0.14","0.14","0.8","0.14","0","1"
"24","ExpM_cond24","100","0","0.14","0.14","0.8","0.14","0.14","1"
"25","ExpM_cond25","100","0","0.39","0.14","0.3","0","0","1"
"26","ExpM_cond26","100","0","0.39","0.14","0.3","0","0.14","1"
"27","ExpM_cond27","100","0","0.39","0.14","0.3","0.14","0","1"
"28","ExpM_cond28","100","0","0.39","0.14","0.3","0.14","0.14","1"
"29","ExpM_cond29","100","0","0.39","0.14","0.5","0","0","1"
"30","ExpM_cond30","100","0","0.39","0.14","0.5","0","0.14","1"
"31","ExpM_cond31","100","0","0.39","0.14","0.5","0.14","0","1"
"32","ExpM_cond32","100","0","0.39","0.14","0.5","0.14","0.14","1"
"33","ExpM_cond33","100","0","0.39","0.14","0.8","0","0","1"
"34","ExpM_cond34","100","0","0.39","0.14","0.8","0","0.14","1"
"35","ExpM_cond35","100","0","0.39","0.14","0.8","0.14","0","1"
"36","ExpM_cond36","100","0","0.39","0.14","0.8","0.14","0.14","1"
"37","ExpM_cond37","100","0.14","0","0.14","0.3","0","0","1"
"38","ExpM_cond38","100","0.14","0","0.14","0.3","0","0.14","1"
"39","ExpM_cond39","100","0.14","0","0.14","0.3","0.14","0","1"
"40","ExpM_cond40","100","0.14","0","0.14","0.3","0.14","0.14","1"
"41","ExpM_cond41","100","0.14","0","0.14","0.5","0","0","1"
"42","ExpM_cond42","100","0.14","0","0.14","0.5","0","0.14","1"
"43","ExpM_cond43","100","0.14","0","0.14","0.5","0.14","0","1"
"44","ExpM_cond44","100","0.14","0","0.14","0.5","0.14","0.14","1"
"45","ExpM_cond45","100","0.14","0","0.14","0.8","0","0","1"
"46","ExpM_cond46","100","0.14","0","0.14","0.8","0","0.14","1"
"47","ExpM_cond47","100","0.14","0","0.14","0.8","0.14","0","1"
"48","ExpM_cond48","100","0.14","0","0.14","0.8","0.14","0.14","1"
"49","ExpM_cond49","100","0.14","0.14","0.14","0.3","0","0","1"
"50","ExpM_cond50","100","0.14","0.14","0.14","0.3","0","0.14","1"
"51","ExpM_cond51","100","0.14","0.14","0.14","0.3","0.14","0","1"
"52","ExpM_cond52","100","0.14","0.14","0.14","0.3","0.14","0.14","1"
"53","ExpM_cond53","100","0.14","0.14","0.14","0.5","0","0","1"
"54","ExpM_cond54","100","0.14","0.14","0.14","0.5","0","0.14","1"
"55","ExpM_cond55","100","0.14","0.14","0.14","0.5","0.14","0","1"
"56","ExpM_cond56","100","0.14","0.14","0.14","0.5","0.14","0.14","1"
"57","ExpM_cond57","100","0.14","0.14","0.14","0.8","0","0","1"
"58","ExpM_cond58","100","0.14","0.14","0.14","0.8","0","0.14","1"
"59","ExpM_cond59","100","0.14","0.14","0.14","0.8","0.14","0","1"
"60","ExpM_cond60","100","0.14","0.14","0.14","0.8","0.14","0.14","1"
"61","ExpM_cond61","100","0.14","0.39","0.14","0.3","0","0","1"
"62","ExpM_cond62","100","0.14","0.39","0.14","0.3","0","0.14","1"
"63","ExpM_cond63","100","0.14","0.39","0.14","0.3","0.14","0","1"
"64","ExpM_cond64","100","0.14","0.39","0.14","0.3","0.14","0.14","1"
"65","ExpM_cond65","100","0.14","0.39","0.14","0.5","0","0","1"
"66","ExpM_cond66","100","0.14","0.39","0.14","0.5","0","0.14","1"
"67","ExpM_cond67","100","0.14","0.39","0.14","0.5","0.14","0","1"
"68","ExpM_cond68","100","0.14","0.39","0.14","0.5","0.14","0.14","1"
"69","ExpM_cond69","100","0.14","0.39","0.14","0.8","0","0","1"
"70","ExpM_cond70","100","0.14","0.39","0.14","0.8","0","0.14","1"
"71","ExpM_cond71","100","0.14","0.39","0.14","0.8","0.14","0","1"
"72","ExpM_cond72","100","0.14","0.39","0.14","0.8","0.14","0.14","1"
"73","ExpM_cond73","100","0.39","0","0.14","0.3","0","0","1"
"74","ExpM_cond74","100","0.39","0","0.14","0.3","0","0.14","1"
"75","ExpM_cond75","100","0.39","0","0.14","0.3","0.14","0","1"
"76","ExpM_cond76","100","0.39","0","0.14","0.3","0.14","0.14","1"
"77","ExpM_cond77","100","0.39","0","0.14","0.5","0","0","1"
"78","ExpM_cond78","100","0.39","0","0.14","0.5","0","0.14","1"
"79","ExpM_cond79","100","0.39","0","0.14","0.5","0.14","0","1"
"80","ExpM_cond80","100","0.39","0","0.14","0.5","0.14","0.14","1"
"81","ExpM_cond81","100","0.39","0","0.14","0.8","0","0","1"
"82","ExpM_cond82","100","0.39","0","0.14","0.8","0","0.14","1"
"83","ExpM_cond83","100","0.39","0","0.14","0.8","0.14","0","1"
"84","ExpM_cond84","100","0.39","0","0.14","0.8","0.14","0.14","1"
"85","ExpM_cond85","100","0.39","0.14","0.14","0.3","0","0","1"
"86","ExpM_cond86","100","0.39","0.14","0.14","0.3","0","0.14","1"
"87","ExpM_cond87","100","0.39","0.14","0.14","0.3","0.14","0","1"
"88","ExpM_cond88","100","0.39","0.14","0.14","0.3","0.14","0.14","1"
"89","ExpM_cond89","100","0.39","0.14","0.14","0.5","0","0","1"
"90","ExpM_cond90","100","0.39","0.14","0.14","0.5","0","0.14","1"
"91","ExpM_cond91","100","0.39","0.14","0.14","0.5","0.14","0","1"
"92","ExpM_cond92","100","0.39","0.14","0.14","0.5","0.14","0.14","1"
"93","ExpM_cond93","100","0.39","0.14","0.14","0.8","0","0","1"
"94","ExpM_cond94","100","0.39","0.14","0.14","0.8","0","0.14","1"
"95","ExpM_cond95","100","0.39","0.14","0.14","0.8","0.14","0","1"
"96","ExpM_cond96","100","0.39","0.14","0.14","0.8","0.14","0.14","1"
"97","ExpM_cond97","100","0.39","0.39","0.14","0.3","0","0","1"
"98","ExpM_cond98","100","0.39","0.39","0.14","0.3","0","0.14","1"
"99","ExpM_cond99","100","0.39","0.39","0.14","0.3","0.14","0","1"
"100","ExpM_cond100","100","0.39","0.39","0.14","0.3","0.14","0.14","1"
"101","ExpM_cond101","100","0.39","0.39","0.14","0.5","0","0","1"
"102","ExpM_cond102","100","0.39","0.39","0.14","0.5","0","0.14","1"
"103","ExpM_cond103","100","0.39","0.39","0.14","0.5","0.14","0","1"
"104","ExpM_cond104","100","0.39","0.39","0.14","0.5","0.14","0.14","1"
"105","ExpM_cond105","100","0.39","0.39","0.14","0.8","0","0","1"
"106","ExpM_cond106","100","0.39","0.39","0.14","0.8","0","0.14","1"
"107","ExpM_cond107","100","0.39","0.39","0.14","0.8","0.14","0","1"
"108","ExpM_cond108","100","0.39","0.39","0.14","0.8","0.14","0.14","1"
"109","ExpM_cond109","200","0","0","0.14","0.3","0","0","1"
"110","ExpM_cond110","200","0","0","0.14","0.3","0","0.14","1"
"111","ExpM_cond111","200","0","0","0.14","0.3","0.14","0","1"
"112","ExpM_cond112","200","0","0","0.14","0.3","0.14","0.14","1"
"113","ExpM_cond113","200","0","0","0.14","0.5","0","0","1"
"114","ExpM_cond114","200","0","0","0.14","0.5","0","0.14","1"
"115","ExpM_cond115","200","0","0","0.14","0.5","0.14","0","1"
"116","ExpM_cond116","200","0","0","0.14","0.5","0.14","0.14","1"
"117","ExpM_cond117","200","0","0","0.14","0.8","0","0","1"
"118","ExpM_cond118","200","0","0","0.14","0.8","0","0.14","1"
"119","ExpM_cond119","200","0","0","0.14","0.8","0.14","0","1"
"120","ExpM_cond120","200","0","0","0.14","0.8","0.14","0.14","1"
"121","ExpM_cond121","200","0","0.14","0.14","0.3","0","0","1"
"122","ExpM_cond122","200","0","0.14","0.14","0.3","0","0.14","1"
"123","ExpM_cond123","200","0","0.14","0.14","0.3","0.14","0","1"
"124","ExpM_cond124","200","0","0.14","0.14","0.3","0.14","0.14","1"
"125","ExpM_cond125","200","0","0.14","0.14","0.5","0","0","1"
"126","ExpM_cond126","200","0","0.14","0.14","0.5","0","0.14","1"
"127","ExpM_cond127","200","0","0.14","0.14","0.5","0.14","0","1"
"128","ExpM_cond128","200","0","0.14","0.14","0.5","0.14","0.14","1"
"129","ExpM_cond129","200","0","0.14","0.14","0.8","0","0","1"
"130","ExpM_cond130","200","0","0.14","0.14","0.8","0","0.14","1"
"131","ExpM_cond131","200","0","0.14","0.14","0.8","0.14","0","1"
"132","ExpM_cond132","200","0","0.14","0.14","0.8","0.14","0.14","1"
"133","ExpM_cond133","200","0","0.39","0.14","0.3","0","0","1"
"134","ExpM_cond134","200","0","0.39","0.14","0.3","0","0.14","1"
"135","ExpM_cond135","200","0","0.39","0.14","0.3","0.14","0","1"
"136","ExpM_cond136","200","0","0.39","0.14","0.3","0.14","0.14","1"
"137","ExpM_cond137","200","0","0.39","0.14","0.5","0","0","1"
"138","ExpM_cond138","200","0","0.39","0.14","0.5","0","0.14","1"
"139","ExpM_cond139","200","0","0.39","0.14","0.5","0.14","0","1"
"140","ExpM_cond140","200","0","0.39","0.14","0.5","0.14","0.14","1"
"141","ExpM_cond141","200","0","0.39","0.14","0.8","0","0","1"
"142","ExpM_cond142","200","0","0.39","0.14","0.8","0","0.14","1"
"143","ExpM_cond143","200","0","0.39","0.14","0.8","0.14","0","1"
"144","ExpM_cond144","200","0","0.39","0.14","0.8","0.14","0.14","1"
"145","ExpM_cond145","200","0.14","0","0.14","0.3","0","0","1"
"146","ExpM_cond146","200","0.14","0","0.14","0.3","0","0.14","1"
"147","ExpM_cond147","200","0.14","0","0.14","0.3","0.14","0","1"
"148","ExpM_cond148","200","0.14","0","0.14","0.3","0.14","0.14","1"
"149","ExpM_cond149","200","0.14","0","0.14","0.5","0","0","1"
"150","ExpM_cond150","200","0.14","0","0.14","0.5","0","0.14","1"
"151","ExpM_cond151","200","0.14","0","0.14","0.5","0.14","0","1"
"152","ExpM_cond152","200","0.14","0","0.14","0.5","0.14","0.14","1"
"153","ExpM_cond153","200","0.14","0","0.14","0.8","0","0","1"
"154","ExpM_cond154","200","0.14","0","0.14","0.8","0","0.14","1"
"155","ExpM_cond155","200","0.14","0","0.14","0.8","0.14","0","1"
"156","ExpM_cond156","200","0.14","0","0.14","0.8","0.14","0.14","1"
"157","ExpM_cond157","200","0.14","0.14","0.14","0.3","0","0","1"
"158","ExpM_cond158","200","0.14","0.14","0.14","0.3","0","0.14","1"
"159","ExpM_cond159","200","0.14","0.14","0.14","0.3","0.14","0","1"
"160","ExpM_cond160","200","0.14","0.14","0.14","0.3","0.14","0.14","1"
"161","ExpM_cond161","200","0.14","0.14","0.14","0.5","0","0","1"
"162","ExpM_cond162","200","0.14","0.14","0.14","0.5","0","0.14","1"
"163","ExpM_cond163","200","0.14","0.14","0.14","0.5","0.14","0","1"
"164","ExpM_cond164","200","0.14","0.14","0.14","0.5","0.14","0.14","1"
"165","ExpM_cond165","200","0.14","0.14","0.14","0.8","0","0","1"
"166","ExpM_cond166","200","0.14","0.14","0.14","0.8","0","0.14","1"
"167","ExpM_cond167","200","0.14","0.14","0.14","0.8","0.14","0","1"
"168","ExpM_cond168","200","0.14","0.14","0.14","0.8","0.14","0.14","1"
"169","ExpM_cond169","200","0.14","0.39","0.14","0.3","0","0","1"
"170","ExpM_cond170","200","0.14","0.39","0.14","0.3","0","0.14","1"
"171","ExpM_cond171","200","0.14","0.39","0.14","0.3","0.14","0","1"
"172","ExpM_cond172","200","0.14","0.39","0.14","0.3","0.14","0.14","1"
"173","ExpM_cond173","200","0.14","0.39","0.14","0.5","0","0","1"
"174","ExpM_cond174","200","0.14","0.39","0.14","0.5","0","0.14","1"
"175","ExpM_cond175","200","0.14","0.39","0.14","0.5","0.14","0","1"
"176","ExpM_cond176","200","0.14","0.39","0.14","0.5","0.14","0.14","1"
"177","ExpM_cond177","200","0.14","0.39","0.14","0.8","0","0","1"
"178","ExpM_cond178","200","0.14","0.39","0.14","0.8","0","0.14","1"
"179","ExpM_cond179","200","0.14","0.39","0.14","0.8","0.14","0","1"
"180","ExpM_cond180","200","0.14","0.39","0.14","0.8","0.14","0.14","1"
"181","ExpM_cond181","200","0.39","0","0.14","0.3","0","0","1"
"182","ExpM_cond182","200","0.39","0","0.14","0.3","0","0.14","1"
"183","ExpM_cond183","200","0.39","0","0.14","0.3","0.14","0","1"
"184","ExpM_cond184","200","0.39","0","0.14","0.3","0.14","0.14","1"
"185","ExpM_cond185","200","0.39","0","0.14","0.5","0","0","1"
"186","ExpM_cond186","200","0.39","0","0.14","0.5","0","0.14","1"
"187","ExpM_cond187","200","0.39","0","0.14","0.5","0.14","0","1"
"188","ExpM_cond188","200","0.39","0","0.14","0.5","0.14","0.14","1"
"189","ExpM_cond189","200","0.39","0","0.14","0.8","0","0","1"
"190","ExpM_cond190","200","0.39","0","0.14","0.8","0","0.14","1"
"191","ExpM_cond191","200","0.39","0","0.14","0.8","0.14","0","1"
"192","ExpM_cond192","200","0.39","0","0.14","0.8","0.14","0.14","1"
"193","ExpM_cond193","200","0.39","0.14","0.14","0.3","0","0","1"
"194","ExpM_cond194","200","0.39","0.14","0.14","0.3","0","0.14","1"
"195","ExpM_cond195","200","0.39","0.14","0.14","0.3","0.14","0","1"
"196","ExpM_cond196","200","0.39","0.14","0.14","0.3","0.14","0.14","1"
"197","ExpM_cond197","200","0.39","0.14","0.14","0.5","0","0","1"
"198","ExpM_cond198","200","0.39","0.14","0.14","0.5","0","0.14","1"
"199","ExpM_cond199","200","0.39","0.14","0.14","0.5","0.14","0","1"
"200","ExpM_cond200","200","0.39","0.14","0.14","0.5","0.14","0.14","1"
"201","ExpM_cond201","200","0.39","0.14","0.14","0.8","0","0","1"
"202","ExpM_cond202","200","0.39","0.14","0.14","0.8","0","0.14","1"
"203","ExpM_cond203","200","0.39","0.14","0.14","0.8","0.14","0","1"
"204","ExpM_cond204","200","0.39","0.14","0.14","0.8","0.14","0.14","1"
"205","ExpM_cond205","200","0.39","0.39","0.14","0.3","0","0","1"
"206","ExpM_cond206","200","0.39","0.39","0.14","0.3","0","0.14","1"
"207","ExpM_cond207","200","0.39","0.39","0.14","0.3","0.14","0","1"
"208","ExpM_cond208","200","0.39","0.39","0.14","0.3","0.14","0.14","1"
"209","ExpM_cond209","200","0.39","0.39","0.14","0.5","0","0","1"
"210","ExpM_cond210","200","0.39","0.39","0.14","0.5","0","0.14","1"
"211","ExpM_cond211","200","0.39","0.39","0.14","0.5","0.14","0","1"
"212","ExpM_cond212","200","0.39","0.39","0.14","0.5","0.14","0.14","1"
"213","ExpM_cond213","200","0.39","0.39","0.14","0.8","0","0","1"
"214","ExpM_cond214","200","0.39","0.39","0.14","0.8","0","0.14","1"
"215","ExpM_cond215","200","0.39","0.39","0.14","0.8","0.14","0","1"
"216","ExpM_cond216","200","0.39","0.39","0.14","0.8","0.14","0.14","1"
"217","ExpM_cond217","500","0","0","0.14","0.3","0","0","1"
"218","ExpM_cond218","500","0","0","0.14","0.3","0","0.14","1"
"219","ExpM_cond219","500","0","0","0.14","0.3","0.14","0","1"
"220","ExpM_cond220","500","0","0","0.14","0.3","0.14","0.14","1"
"221","ExpM_cond221","500","0","0","0.14","0.5","0","0","1"
"222","ExpM_cond222","500","0","0","0.14","0.5","0","0.14","1"
"223","ExpM_cond223","500","0","0","0.14","0.5","0.14","0","1"
"224","ExpM_cond224","500","0","0","0.14","0.5","0.14","0.14","1"
"225","ExpM_cond225","500","0","0","0.14","0.8","0","0","1"
"226","ExpM_cond226","500","0","0","0.14","0.8","0","0.14","1"
"227","ExpM_cond227","500","0","0","0.14","0.8","0.14","0","1"
"228","ExpM_cond228","500","0","0","0.14","0.8","0.14","0.14","1"
"229","ExpM_cond229","500","0","0.14","0.14","0.3","0","0","1"
"230","ExpM_cond230","500","0","0.14","0.14","0.3","0","0.14","1"
"231","ExpM_cond231","500","0","0.14","0.14","0.3","0.14","0","1"
"232","ExpM_cond232","500","0","0.14","0.14","0.3","0.14","0.14","1"
"233","ExpM_cond233","500","0","0.14","0.14","0.5","0","0","1"
"234","ExpM_cond234","500","0","0.14","0.14","0.5","0","0.14","1"
"235","ExpM_cond235","500","0","0.14","0.14","0.5","0.14","0","1"
"236","ExpM_cond236","500","0","0.14","0.14","0.5","0.14","0.14","1"
"237","ExpM_cond237","500","0","0.14","0.14","0.8","0","0","1"
"238","ExpM_cond238","500","0","0.14","0.14","0.8","0","0.14","1"
"239","ExpM_cond239","500","0","0.14","0.14","0.8","0.14","0","1"
"240","ExpM_cond240","500","0","0.14","0.14","0.8","0.14","0.14","1"
"241","ExpM_cond241","500","0","0.39","0.14","0.3","0","0","1"
"242","ExpM_cond242","500","0","0.39","0.14","0.3","0","0.14","1"
"243","ExpM_cond243","500","0","0.39","0.14","0.3","0.14","0","1"
"244","ExpM_cond244","500","0","0.39","0.14","0.3","0.14","0.14","1"
"245","ExpM_cond245","500","0","0.39","0.14","0.5","0","0","1"
"246","ExpM_cond246","500","0","0.39","0.14","0.5","0","0.14","1"
"247","ExpM_cond247","500","0","0.39","0.14","0.5","0.14","0","1"
"248","ExpM_cond248","500","0","0.39","0.14","0.5","0.14","0.14","1"
"249","ExpM_cond249","500","0","0.39","0.14","0.8","0","0","1"
"250","ExpM_cond250","500","0","0.39","0.14","0.8","0","0.14","1"
"251","ExpM_cond251","500","0","0.39","0.14","0.8","0.14","0","1"
"252","ExpM_cond252","500","0","0.39","0.14","0.8","0.14","0.14","1"
"253","ExpM_cond253","500","0.14","0","0.14","0.3","0","0","1"
"254","ExpM_cond254","500","0.14","0","0.14","0.3","0","0.14","1"
"255","ExpM_cond255","500","0.14","0","0.14","0.3","0.14","0","1"
"256","ExpM_cond256","500","0.14","0","0.14","0.3","0.14","0.14","1"
"257","ExpM_cond257","500","0.14","0","0.14","0.5","0","0","1"
"258","ExpM_cond258","500","0.14","0","0.14","0.5","0","0.14","1"
"259","ExpM_cond259","500","0.14","0","0.14","0.5","0.14","0","1"
"260","ExpM_cond260","500","0.14","0","0.14","0.5","0.14","0.14","1"
"261","ExpM_cond261","500","0.14","0","0.14","0.8","0","0","1"
"262","ExpM_cond262","500","0.14","0","0.14","0.8","0","0.14","1"
"263","ExpM_cond263","500","0.14","0","0.14","0.8","0.14","0","1"
"264","ExpM_cond264","500","0.14","0","0.14","0.8","0.14","0.14","1"
"265","ExpM_cond265","500","0.14","0.14","0.14","0.3","0","0","1"
"266","ExpM_cond266","500","0.14","0.14","0.14","0.3","0","0.14","1"
"267","ExpM_cond267","500","0.14","0.14","0.14","0.3","0.14","0","1"
"268","ExpM_cond268","500","0.14","0.14","0.14","0.3","0.14","0.14","1"
"269","ExpM_cond269","500","0.14","0.14","0.14","0.5","0","0","1"
"270","ExpM_cond270","500","0.14","0.14","0.14","0.5","0","0.14","1"
"271","ExpM_cond271","500","0.14","0.14","0.14","0.5","0.14","0","1"
"272","ExpM_cond272","500","0.14","0.14","0.14","0.5","0.14","0.14","1"
"273","ExpM_cond273","500","0.14","0.14","0.14","0.8","0","0","1"
"274","ExpM_cond274","500","0.14","0.14","0.14","0.8","0","0.14","1"
"275","ExpM_cond275","500","0.14","0.14","0.14","0.8","0.14","0","1"
"276","ExpM_cond276","500","0.14","0.14","0.14","0.8","0.14","0.14","1"
"277","ExpM_cond277","500","0.14","0.39","0.14","0.3","0","0","1"
"278","ExpM_cond278","500","0.14","0.39","0.14","0.3","0","0.14","1"
"279","ExpM_cond279","500","0.14","0.39","0.14","0.3","0.14","0","1"
"280","ExpM_cond280","500","0.14","0.39","0.14","0.3","0.14","0.14","1"
"281","ExpM_cond281","500","0.14","0.39","0.14","0.5","0","0","1"
"282","ExpM_cond282","500","0.14","0.39","0.14","0.5","0","0.14","1"
"283","ExpM_cond283","500","0.14","0.39","0.14","0.5","0.14","0","1"
"284","ExpM_cond284","500","0.14","0.39","0.14","0.5","0.14","0.14","1"
"285","ExpM_cond285","500","0.14","0.39","0.14","0.8","0","0","1"
"286","ExpM_cond286","500","0.14","0.39","0.14","0.8","0","0.14","1"
"287","ExpM_cond287","500","0.14","0.39","0.14","0.8","0.14","0","1"
"288","ExpM_cond288","500","0.14","0.39","0.14","0.8","0.14","0.14","1"
"289","ExpM_cond289","500","0.39","0","0.14","0.3","0","0","1"
"290","ExpM_cond290","500","0.39","0","0.14","0.3","0","0.14","1"
"291","ExpM_cond291","500","0.39","0","0.14","0.3","0.14","0","1"
"292","ExpM_cond292","500","0.39","0","0.14","0.3","0.14","0.14","1"
"293","ExpM_cond293","500","0.39","0","0.14","0.5","0","0","1"
"294","ExpM_cond294","500","0.39","0","0.14","0.5","0","0.14","1"
"295","ExpM_cond295","500","0.39","0","0.14","0.5","0.14","0","1"
"296","ExpM_cond296","500","0.39","0","0.14","0.5","0.14","0.14","1"
"297","ExpM_cond297","500","0.39","0","0.14","0.8","0","0","1"
"298","ExpM_cond298","500","0.39","0","0.14","0.8","0","0.14","1"
"299","ExpM_cond299","500","0.39","0","0.14","0.8","0.14","0","1"
"300","ExpM_cond300","500","0.39","0","0.14","0.8","0.14","0.14","1"
"301","ExpM_cond301","500","0.39","0.14","0.14","0.3","0","0","1"
"302","ExpM_cond302","500","0.39","0.14","0.14","0.3","0","0.14","1"
"303","ExpM_cond303","500","0.39","0.14","0.14","0.3","0.14","0","1"
"304","ExpM_cond304","500","0.39","0.14","0.14","0.3","0.14","0.14","1"
"305","ExpM_cond305","500","0.39","0.14","0.14","0.5","0","0","1"
"306","ExpM_cond306","500","0.39","0.14","0.14","0.5","0","0.14","1"
"307","ExpM_cond307","500","0.39","0.14","0.14","0.5","0.14","0","1"
"308","ExpM_cond308","500","0.39","0.14","0.14","0.5","0.14","0.14","1"
"309","ExpM_cond309","500","0.39","0.14","0.14","0.8","0","0","1"
"310","ExpM_cond310","500","0.39","0.14","0.14","0.8","0","0.14","1"
"311","ExpM_cond311","500","0.39","0.14","0.14","0.8","0.14","0","1"
"312","ExpM_cond312","500","0.39","0.14","0.14","0.8","0.14","0.14","1"
"313","ExpM_cond313","500","0.39","0.39","0.14","0.3","0","0","1"
"314","ExpM_cond314","500","0.39","0.39","0.14","0.3","0","0.14","1"
"315","ExpM_cond315","500","0.39","0.39","0.14","0.3","0.14","0","1"
"316","ExpM_cond316","500","0.39","0.39","0.14","0.3","0.14","0.14","1"
"317","ExpM_cond317","500","0.39","0.39","0.14","0.5","0","0","1"
"318","ExpM_cond318","500","0.39","0.39","0.14","0.5","0","0.14","1"
"319","ExpM_cond319","500","0.39","0.39","0.14","0.5","0.14","0","1"
"320","ExpM_cond320","500","0.39","0.39","0.14","0.5","0.14","0.14","1"
"321","ExpM_cond321","500","0.39","0.39","0.14","0.8","0","0","1"
"322","ExpM_cond322","500","0.39","0.39","0.14","0.8","0","0.14","1"
"323","ExpM_cond323","500","0.39","0.39","0.14","0.8","0.14","0","1"
"324","ExpM_cond324","500","0.39","0.39","0.14","0.8","0.14","0.14","1"
"325","ExpM_cond325","100","0","0","0.14","0.3","0","0","0"
"326","ExpM_cond326","100","0","0","0.14","0.3","0","0.14","0"
"327","ExpM_cond327","100","0","0","0.14","0.3","0.14","0","0"
"328","ExpM_cond328","100","0","0","0.14","0.3","0.14","0.14","0"
"329","ExpM_cond329","100","0","0","0.14","0.5","0","0","0"
"330","ExpM_cond330","100","0","0","0.14","0.5","0","0.14","0"
"331","ExpM_cond331","100","0","0","0.14","0.5","0.14","0","0"
"332","ExpM_cond332","100","0","0","0.14","0.5","0.14","0.14","0"
"333","ExpM_cond333","100","0","0","0.14","0.8","0","0","0"
"334","ExpM_cond334","100","0","0","0.14","0.8","0","0.14","0"
"335","ExpM_cond335","100","0","0","0.14","0.8","0.14","0","0"
"336","ExpM_cond336","100","0","0","0.14","0.8","0.14","0.14","0"
"337","ExpM_cond337","100","0","0.14","0.14","0.3","0","0","0"
"338","ExpM_cond338","100","0","0.14","0.14","0.3","0","0.14","0"
"339","ExpM_cond339","100","0","0.14","0.14","0.3","0.14","0","0"
"340","ExpM_cond340","100","0","0.14","0.14","0.3","0.14","0.14","0"
"341","ExpM_cond341","100","0","0.14","0.14","0.5","0","0","0"
"342","ExpM_cond342","100","0","0.14","0.14","0.5","0","0.14","0"
"343","ExpM_cond343","100","0","0.14","0.14","0.5","0.14","0","0"
"344","ExpM_cond344","100","0","0.14","0.14","0.5","0.14","0.14","0"
"345","ExpM_cond345","100","0","0.14","0.14","0.8","0","0","0"
"346","ExpM_cond346","100","0","0.14","0.14","0.8","0","0.14","0"
"347","ExpM_cond347","100","0","0.14","0.14","0.8","0.14","0","0"
"348","ExpM_cond348","100","0","0.14","0.14","0.8","0.14","0.14","0"
"349","ExpM_cond349","100","0","0.39","0.14","0.3","0","0","0"
"350","ExpM_cond350","100","0","0.39","0.14","0.3","0","0.14","0"
"351","ExpM_cond351","100","0","0.39","0.14","0.3","0.14","0","0"
"352","ExpM_cond352","100","0","0.39","0.14","0.3","0.14","0.14","0"
"353","ExpM_cond353","100","0","0.39","0.14","0.5","0","0","0"
"354","ExpM_cond354","100","0","0.39","0.14","0.5","0","0.14","0"
"355","ExpM_cond355","100","0","0.39","0.14","0.5","0.14","0","0"
"356","ExpM_cond356","100","0","0.39","0.14","0.5","0.14","0.14","0"
"357","ExpM_cond357","100","0","0.39","0.14","0.8","0","0","0"
"358","ExpM_cond358","100","0","0.39","0.14","0.8","0","0.14","0"
"359","ExpM_cond359","100","0","0.39","0.14","0.8","0.14","0","0"
"360","ExpM_cond360","100","0","0.39","0.14","0.8","0.14","0.14","0"
"361","ExpM_cond361","100","0.14","0","0.14","0.3","0","0","0"
"362","ExpM_cond362","100","0.14","0","0.14","0.3","0","0.14","0"
"363","ExpM_cond363","100","0.14","0","0.14","0.3","0.14","0","0"
"364","ExpM_cond364","100","0.14","0","0.14","0.3","0.14","0.14","0"
"365","ExpM_cond365","100","0.14","0","0.14","0.5","0","0","0"
"366","ExpM_cond366","100","0.14","0","0.14","0.5","0","0.14","0"
"367","ExpM_cond367","100","0.14","0","0.14","0.5","0.14","0","0"
"368","ExpM_cond368","100","0.14","0","0.14","0.5","0.14","0.14","0"
"369","ExpM_cond369","100","0.14","0","0.14","0.8","0","0","0"
"370","ExpM_cond370","100","0.14","0","0.14","0.8","0","0.14","0"
"371","ExpM_cond371","100","0.14","0","0.14","0.8","0.14","0","0"
"372","ExpM_cond372","100","0.14","0","0.14","0.8","0.14","0.14","0"
"373","ExpM_cond373","100","0.14","0.14","0.14","0.3","0","0","0"
"374","ExpM_cond374","100","0.14","0.14","0.14","0.3","0","0.14","0"
"375","ExpM_cond375","100","0.14","0.14","0.14","0.3","0.14","0","0"
"376","ExpM_cond376","100","0.14","0.14","0.14","0.3","0.14","0.14","0"
"377","ExpM_cond377","100","0.14","0.14","0.14","0.5","0","0","0"
"378","ExpM_cond378","100","0.14","0.14","0.14","0.5","0","0.14","0"
"379","ExpM_cond379","100","0.14","0.14","0.14","0.5","0.14","0","0"
"380","ExpM_cond380","100","0.14","0.14","0.14","0.5","0.14","0.14","0"
"381","ExpM_cond381","100","0.14","0.14","0.14","0.8","0","0","0"
"382","ExpM_cond382","100","0.14","0.14","0.14","0.8","0","0.14","0"
"383","ExpM_cond383","100","0.14","0.14","0.14","0.8","0.14","0","0"
"384","ExpM_cond384","100","0.14","0.14","0.14","0.8","0.14","0.14","0"
"385","ExpM_cond385","100","0.14","0.39","0.14","0.3","0","0","0"
"386","ExpM_cond386","100","0.14","0.39","0.14","0.3","0","0.14","0"
"387","ExpM_cond387","100","0.14","0.39","0.14","0.3","0.14","0","0"
"388","ExpM_cond388","100","0.14","0.39","0.14","0.3","0.14","0.14","0"
"389","ExpM_cond389","100","0.14","0.39","0.14","0.5","0","0","0"
"390","ExpM_cond390","100","0.14","0.39","0.14","0.5","0","0.14","0"
"391","ExpM_cond391","100","0.14","0.39","0.14","0.5","0.14","0","0"
"392","ExpM_cond392","100","0.14","0.39","0.14","0.5","0.14","0.14","0"
"393","ExpM_cond393","100","0.14","0.39","0.14","0.8","0","0","0"
"394","ExpM_cond394","100","0.14","0.39","0.14","0.8","0","0.14","0"
"395","ExpM_cond395","100","0.14","0.39","0.14","0.8","0.14","0","0"
"396","ExpM_cond396","100","0.14","0.39","0.14","0.8","0.14","0.14","0"
"397","ExpM_cond397","100","0.39","0","0.14","0.3","0","0","0"
"398","ExpM_cond398","100","0.39","0","0.14","0.3","0","0.14","0"
"399","ExpM_cond399","100","0.39","0","0.14","0.3","0.14","0","0"
"400","ExpM_cond400","100","0.39","0","0.14","0.3","0.14","0.14","0"
"401","ExpM_cond401","100","0.39","0","0.14","0.5","0","0","0"
"402","ExpM_cond402","100","0.39","0","0.14","0.5","0","0.14","0"
"403","ExpM_cond403","100","0.39","0","0.14","0.5","0.14","0","0"
"404","ExpM_cond404","100","0.39","0","0.14","0.5","0.14","0.14","0"
"405","ExpM_cond405","100","0.39","0","0.14","0.8","0","0","0"
"406","ExpM_cond406","100","0.39","0","0.14","0.8","0","0.14","0"
"407","ExpM_cond407","100","0.39","0","0.14","0.8","0.14","0","0"
"408","ExpM_cond408","100","0.39","0","0.14","0.8","0.14","0.14","0"
"409","ExpM_cond409","100","0.39","0.14","0.14","0.3","0","0","0"
"410","ExpM_cond410","100","0.39","0.14","0.14","0.3","0","0.14","0"
"411","ExpM_cond411","100","0.39","0.14","0.14","0.3","0.14","0","0"
"412","ExpM_cond412","100","0.39","0.14","0.14","0.3","0.14","0.14","0"
"413","ExpM_cond413","100","0.39","0.14","0.14","0.5","0","0","0"
"414","ExpM_cond414","100","0.39","0.14","0.14","0.5","0","0.14","0"
"415","ExpM_cond415","100","0.39","0.14","0.14","0.5","0.14","0","0"
"416","ExpM_cond416","100","0.39","0.14","0.14","0.5","0.14","0.14","0"
"417","ExpM_cond417","100","0.39","0.14","0.14","0.8","0","0","0"
"418","ExpM_cond418","100","0.39","0.14","0.14","0.8","0","0.14","0"
"419","ExpM_cond419","100","0.39","0.14","0.14","0.8","0.14","0","0"
"420","ExpM_cond420","100","0.39","0.14","0.14","0.8","0.14","0.14","0"
"421","ExpM_cond421","100","0.39","0.39","0.14","0.3","0","0","0"
"422","ExpM_cond422","100","0.39","0.39","0.14","0.3","0","0.14","0"
"423","ExpM_cond423","100","0.39","0.39","0.14","0.3","0.14","0","0"
"424","ExpM_cond424","100","0.39","0.39","0.14","0.3","0.14","0.14","0"
"425","ExpM_cond425","100","0.39","0.39","0.14","0.5","0","0","0"
"426","ExpM_cond426","100","0.39","0.39","0.14","0.5","0","0.14","0"
"427","ExpM_cond427","100","0.39","0.39","0.14","0.5","0.14","0","0"
"428","ExpM_cond428","100","0.39","0.39","0.14","0.5","0.14","0.14","0"
"429","ExpM_cond429","100","0.39","0.39","0.14","0.8","0","0","0"
"430","ExpM_cond430","100","0.39","0.39","0.14","0.8","0","0.14","0"
"431","ExpM_cond431","100","0.39","0.39","0.14","0.8","0.14","0","0"
"432","ExpM_cond432","100","0.39","0.39","0.14","0.8","0.14","0.14","0"
"433","ExpM_cond433","200","0","0","0.14","0.3","0","0","0"
"434","ExpM_cond434","200","0","0","0.14","0.3","0","0.14","0"
"435","ExpM_cond435","200","0","0","0.14","0.3","0.14","0","0"
"436","ExpM_cond436","200","0","0","0.14","0.3","0.14","0.14","0"
"437","ExpM_cond437","200","0","0","0.14","0.5","0","0","0"
"438","ExpM_cond438","200","0","0","0.14","0.5","0","0.14","0"
"439","ExpM_cond439","200","0","0","0.14","0.5","0.14","0","0"
"440","ExpM_cond440","200","0","0","0.14","0.5","0.14","0.14","0"
"441","ExpM_cond441","200","0","0","0.14","0.8","0","0","0"
"442","ExpM_cond442","200","0","0","0.14","0.8","0","0.14","0"
"443","ExpM_cond443","200","0","0","0.14","0.8","0.14","0","0"
"444","ExpM_cond444","200","0","0","0.14","0.8","0.14","0.14","0"
"445","ExpM_cond445","200","0","0.14","0.14","0.3","0","0","0"
"446","ExpM_cond446","200","0","0.14","0.14","0.3","0","0.14","0"
"447","ExpM_cond447","200","0","0.14","0.14","0.3","0.14","0","0"
"448","ExpM_cond448","200","0","0.14","0.14","0.3","0.14","0.14","0"
"449","ExpM_cond449","200","0","0.14","0.14","0.5","0","0","0"
"450","ExpM_cond450","200","0","0.14","0.14","0.5","0","0.14","0"
"451","ExpM_cond451","200","0","0.14","0.14","0.5","0.14","0","0"
"452","ExpM_cond452","200","0","0.14","0.14","0.5","0.14","0.14","0"
"453","ExpM_cond453","200","0","0.14","0.14","0.8","0","0","0"
"454","ExpM_cond454","200","0","0.14","0.14","0.8","0","0.14","0"
"455","ExpM_cond455","200","0","0.14","0.14","0.8","0.14","0","0"
"456","ExpM_cond456","200","0","0.14","0.14","0.8","0.14","0.14","0"
"457","ExpM_cond457","200","0","0.39","0.14","0.3","0","0","0"
"458","ExpM_cond458","200","0","0.39","0.14","0.3","0","0.14","0"
"459","ExpM_cond459","200","0","0.39","0.14","0.3","0.14","0","0"
"460","ExpM_cond460","200","0","0.39","0.14","0.3","0.14","0.14","0"
"461","ExpM_cond461","200","0","0.39","0.14","0.5","0","0","0"
"462","ExpM_cond462","200","0","0.39","0.14","0.5","0","0.14","0"
"463","ExpM_cond463","200","0","0.39","0.14","0.5","0.14","0","0"
"464","ExpM_cond464","200","0","0.39","0.14","0.5","0.14","0.14","0"
"465","ExpM_cond465","200","0","0.39","0.14","0.8","0","0","0"
"466","ExpM_cond466","200","0","0.39","0.14","0.8","0","0.14","0"
"467","ExpM_cond467","200","0","0.39","0.14","0.8","0.14","0","0"
"468","ExpM_cond468","200","0","0.39","0.14","0.8","0.14","0.14","0"
"469","ExpM_cond469","200","0.14","0","0.14","0.3","0","0","0"
"470","ExpM_cond470","200","0.14","0","0.14","0.3","0","0.14","0"
"471","ExpM_cond471","200","0.14","0","0.14","0.3","0.14","0","0"
"472","ExpM_cond472","200","0.14","0","0.14","0.3","0.14","0.14","0"
"473","ExpM_cond473","200","0.14","0","0.14","0.5","0","0","0"
"474","ExpM_cond474","200","0.14","0","0.14","0.5","0","0.14","0"
"475","ExpM_cond475","200","0.14","0","0.14","0.5","0.14","0","0"
"476","ExpM_cond476","200","0.14","0","0.14","0.5","0.14","0.14","0"
"477","ExpM_cond477","200","0.14","0","0.14","0.8","0","0","0"
"478","ExpM_cond478","200","0.14","0","0.14","0.8","0","0.14","0"
"479","ExpM_cond479","200","0.14","0","0.14","0.8","0.14","0","0"
"480","ExpM_cond480","200","0.14","0","0.14","0.8","0.14","0.14","0"
"481","ExpM_cond481","200","0.14","0.14","0.14","0.3","0","0","0"
"482","ExpM_cond482","200","0.14","0.14","0.14","0.3","0","0.14","0"
"483","ExpM_cond483","200","0.14","0.14","0.14","0.3","0.14","0","0"
"484","ExpM_cond484","200","0.14","0.14","0.14","0.3","0.14","0.14","0"
"485","ExpM_cond485","200","0.14","0.14","0.14","0.5","0","0","0"
"486","ExpM_cond486","200","0.14","0.14","0.14","0.5","0","0.14","0"
"487","ExpM_cond487","200","0.14","0.14","0.14","0.5","0.14","0","0"
"488","ExpM_cond488","200","0.14","0.14","0.14","0.5","0.14","0.14","0"
"489","ExpM_cond489","200","0.14","0.14","0.14","0.8","0","0","0"
"490","ExpM_cond490","200","0.14","0.14","0.14","0.8","0","0.14","0"
"491","ExpM_cond491","200","0.14","0.14","0.14","0.8","0.14","0","0"
"492","ExpM_cond492","200","0.14","0.14","0.14","0.8","0.14","0.14","0"
"493","ExpM_cond493","200","0.14","0.39","0.14","0.3","0","0","0"
"494","ExpM_cond494","200","0.14","0.39","0.14","0.3","0","0.14","0"
"495","ExpM_cond495","200","0.14","0.39","0.14","0.3","0.14","0","0"
"496","ExpM_cond496","200","0.14","0.39","0.14","0.3","0.14","0.14","0"
"497","ExpM_cond497","200","0.14","0.39","0.14","0.5","0","0","0"
"498","ExpM_cond498","200","0.14","0.39","0.14","0.5","0","0.14","0"
"499","ExpM_cond499","200","0.14","0.39","0.14","0.5","0.14","0","0"
"500","ExpM_cond500","200","0.14","0.39","0.14","0.5","0.14","0.14","0"
"501","ExpM_cond501","200","0.14","0.39","0.14","0.8","0","0","0"
"502","ExpM_cond502","200","0.14","0.39","0.14","0.8","0","0.14","0"
"503","ExpM_cond503","200","0.14","0.39","0.14","0.8","0.14","0","0"
"504","ExpM_cond504","200","0.14","0.39","0.14","0.8","0.14","0.14","0"
"505","ExpM_cond505","200","0.39","0","0.14","0.3","0","0","0"
"506","ExpM_cond506","200","0.39","0","0.14","0.3","0","0.14","0"
"507","ExpM_cond507","200","0.39","0","0.14","0.3","0.14","0","0"
"508","ExpM_cond508","200","0.39","0","0.14","0.3","0.14","0.14","0"
"509","ExpM_cond509","200","0.39","0","0.14","0.5","0","0","0"
"510","ExpM_cond510","200","0.39","0","0.14","0.5","0","0.14","0"
"511","ExpM_cond511","200","0.39","0","0.14","0.5","0.14","0","0"
"512","ExpM_cond512","200","0.39","0","0.14","0.5","0.14","0.14","0"
"513","ExpM_cond513","200","0.39","0","0.14","0.8","0","0","0"
"514","ExpM_cond514","200","0.39","0","0.14","0.8","0","0.14","0"
"515","ExpM_cond515","200","0.39","0","0.14","0.8","0.14","0","0"
"516","ExpM_cond516","200","0.39","0","0.14","0.8","0.14","0.14","0"
"517","ExpM_cond517","200","0.39","0.14","0.14","0.3","0","0","0"
"518","ExpM_cond518","200","0.39","0.14","0.14","0.3","0","0.14","0"
"519","ExpM_cond519","200","0.39","0.14","0.14","0.3","0.14","0","0"
"520","ExpM_cond520","200","0.39","0.14","0.14","0.3","0.14","0.14","0"
"521","ExpM_cond521","200","0.39","0.14","0.14","0.5","0","0","0"
"522","ExpM_cond522","200","0.39","0.14","0.14","0.5","0","0.14","0"
"523","ExpM_cond523","200","0.39","0.14","0.14","0.5","0.14","0","0"
"524","ExpM_cond524","200","0.39","0.14","0.14","0.5","0.14","0.14","0"
"525","ExpM_cond525","200","0.39","0.14","0.14","0.8","0","0","0"
"526","ExpM_cond526","200","0.39","0.14","0.14","0.8","0","0.14","0"
"527","ExpM_cond527","200","0.39","0.14","0.14","0.8","0.14","0","0"
"528","ExpM_cond528","200","0.39","0.14","0.14","0.8","0.14","0.14","0"
"529","ExpM_cond529","200","0.39","0.39","0.14","0.3","0","0","0"
"530","ExpM_cond530","200","0.39","0.39","0.14","0.3","0","0.14","0"
"531","ExpM_cond531","200","0.39","0.39","0.14","0.3","0.14","0","0"
"532","ExpM_cond532","200","0.39","0.39","0.14","0.3","0.14","0.14","0"
"533","ExpM_cond533","200","0.39","0.39","0.14","0.5","0","0","0"
"534","ExpM_cond534","200","0.39","0.39","0.14","0.5","0","0.14","0"
"535","ExpM_cond535","200","0.39","0.39","0.14","0.5","0.14","0","0"
"536","ExpM_cond536","200","0.39","0.39","0.14","0.5","0.14","0.14","0"
"537","ExpM_cond537","200","0.39","0.39","0.14","0.8","0","0","0"
"538","ExpM_cond538","200","0.39","0.39","0.14","0.8","0","0.14","0"
"539","ExpM_cond539","200","0.39","0.39","0.14","0.8","0.14","0","0"
"540","ExpM_cond540","200","0.39","0.39","0.14","0.8","0.14","0.14","0"
"541","ExpM_cond541","500","0","0","0.14","0.3","0","0","0"
"542","ExpM_cond542","500","0","0","0.14","0.3","0","0.14","0"
"543","ExpM_cond543","500","0","0","0.14","0.3","0.14","0","0"
"544","ExpM_cond544","500","0","0","0.14","0.3","0.14","0.14","0"
"545","ExpM_cond545","500","0","0","0.14","0.5","0","0","0"
"546","ExpM_cond546","500","0","0","0.14","0.5","0","0.14","0"
"547","ExpM_cond547","500","0","0","0.14","0.5","0.14","0","0"
"548","ExpM_cond548","500","0","0","0.14","0.5","0.14","0.14","0"
"549","ExpM_cond549","500","0","0","0.14","0.8","0","0","0"
"550","ExpM_cond550","500","0","0","0.14","0.8","0","0.14","0"
"551","ExpM_cond551","500","0","0","0.14","0.8","0.14","0","0"
"552","ExpM_cond552","500","0","0","0.14","0.8","0.14","0.14","0"
"553","ExpM_cond553","500","0","0.14","0.14","0.3","0","0","0"
"554","ExpM_cond554","500","0","0.14","0.14","0.3","0","0.14","0"
"555","ExpM_cond555","500","0","0.14","0.14","0.3","0.14","0","0"
"556","ExpM_cond556","500","0","0.14","0.14","0.3","0.14","0.14","0"
"557","ExpM_cond557","500","0","0.14","0.14","0.5","0","0","0"
"558","ExpM_cond558","500","0","0.14","0.14","0.5","0","0.14","0"
"559","ExpM_cond559","500","0","0.14","0.14","0.5","0.14","0","0"
"560","ExpM_cond560","500","0","0.14","0.14","0.5","0.14","0.14","0"
"561","ExpM_cond561","500","0","0.14","0.14","0.8","0","0","0"
"562","ExpM_cond562","500","0","0.14","0.14","0.8","0","0.14","0"
"563","ExpM_cond563","500","0","0.14","0.14","0.8","0.14","0","0"
"564","ExpM_cond564","500","0","0.14","0.14","0.8","0.14","0.14","0"
"565","ExpM_cond565","500","0","0.39","0.14","0.3","0","0","0"
"566","ExpM_cond566","500","0","0.39","0.14","0.3","0","0.14","0"
"567","ExpM_cond567","500","0","0.39","0.14","0.3","0.14","0","0"
"568","ExpM_cond568","500","0","0.39","0.14","0.3","0.14","0.14","0"
"569","ExpM_cond569","500","0","0.39","0.14","0.5","0","0","0"
"570","ExpM_cond570","500","0","0.39","0.14","0.5","0","0.14","0"
"571","ExpM_cond571","500","0","0.39","0.14","0.5","0.14","0","0"
"572","ExpM_cond572","500","0","0.39","0.14","0.5","0.14","0.14","0"
"573","ExpM_cond573","500","0","0.39","0.14","0.8","0","0","0"
"574","ExpM_cond574","500","0","0.39","0.14","0.8","0","0.14","0"
"575","ExpM_cond575","500","0","0.39","0.14","0.8","0.14","0","0"
"576","ExpM_cond576","500","0","0.39","0.14","0.8","0.14","0.14","0"
"577","ExpM_cond577","500","0.14","0","0.14","0.3","0","0","0"
"578","ExpM_cond578","500","0.14","0","0.14","0.3","0","0.14","0"
"579","ExpM_cond579","500","0.14","0","0.14","0.3","0.14","0","0"
"580","ExpM_cond580","500","0.14","0","0.14","0.3","0.14","0.14","0"
"581","ExpM_cond581","500","0.14","0","0.14","0.5","0","0","0"
"582","ExpM_cond582","500","0.14","0","0.14","0.5","0","0.14","0"
"583","ExpM_cond583","500","0.14","0","0.14","0.5","0.14","0","0"
"584","ExpM_cond584","500","0.14","0","0.14","0.5","0.14","0.14","0"
"585","ExpM_cond585","500","0.14","0","0.14","0.8","0","0","0"
"586","ExpM_cond586","500","0.14","0","0.14","0.8","0","0.14","0"
"587","ExpM_cond587","500","0.14","0","0.14","0.8","0.14","0","0"
"588","ExpM_cond588","500","0.14","0","0.14","0.8","0.14","0.14","0"
"589","ExpM_cond589","500","0.14","0.14","0.14","0.3","0","0","0"
"590","ExpM_cond590","500","0.14","0.14","0.14","0.3","0","0.14","0"
"591","ExpM_cond591","500","0.14","0.14","0.14","0.3","0.14","0","0"
"592","ExpM_cond592","500","0.14","0.14","0.14","0.3","0.14","0.14","0"
"593","ExpM_cond593","500","0.14","0.14","0.14","0.5","0","0","0"
"594","ExpM_cond594","500","0.14","0.14","0.14","0.5","0","0.14","0"
"595","ExpM_cond595","500","0.14","0.14","0.14","0.5","0.14","0","0"
"596","ExpM_cond596","500","0.14","0.14","0.14","0.5","0.14","0.14","0"
"597","ExpM_cond597","500","0.14","0.14","0.14","0.8","0","0","0"
"598","ExpM_cond598","500","0.14","0.14","0.14","0.8","0","0.14","0"
"599","ExpM_cond599","500","0.14","0.14","0.14","0.8","0.14","0","0"
"600","ExpM_cond600","500","0.14","0.14","0.14","0.8","0.14","0.14","0"
"601","ExpM_cond601","500","0.14","0.39","0.14","0.3","0","0","0"
"602","ExpM_cond602","500","0.14","0.39","0.14","0.3","0","0.14","0"
"603","ExpM_cond603","500","0.14","0.39","0.14","0.3","0.14","0","0"
"604","ExpM_cond604","500","0.14","0.39","0.14","0.3","0.14","0.14","0"
"605","ExpM_cond605","500","0.14","0.39","0.14","0.5","0","0","0"
"606","ExpM_cond606","500","0.14","0.39","0.14","0.5","0","0.14","0"
"607","ExpM_cond607","500","0.14","0.39","0.14","0.5","0.14","0","0"
"608","ExpM_cond608","500","0.14","0.39","0.14","0.5","0.14","0.14","0"
"609","ExpM_cond609","500","0.14","0.39","0.14","0.8","0","0","0"
"610","ExpM_cond610","500","0.14","0.39","0.14","0.8","0","0.14","0"
"611","ExpM_cond611","500","0.14","0.39","0.14","0.8","0.14","0","0"
"612","ExpM_cond612","500","0.14","0.39","0.14","0.8","0.14","0.14","0"
"613","ExpM_cond613","500","0.39","0","0.14","0.3","0","0","0"
"614","ExpM_cond614","500","0.39","0","0.14","0.3","0","0.14","0"
"615","ExpM_cond615","500","0.39","0","0.14","0.3","0.14","0","0"
"616","ExpM_cond616","500","0.39","0","0.14","0.3","0.14","0.14","0"
"617","ExpM_cond617","500","0.39","0","0.14","0.5","0","0","0"
"618","ExpM_cond618","500","0.39","0","0.14","0.5","0","0.14","0"
"619","ExpM_cond619","500","0.39","0","0.14","0.5","0.14","0","0"
"620","ExpM_cond620","500","0.39","0","0.14","0.5","0.14","0.14","0"
"621","ExpM_cond621","500","0.39","0","0.14","0.8","0","0","0"
"622","ExpM_cond622","500","0.39","0","0.14","0.8","0","0.14","0"
"623","ExpM_cond623","500","0.39","0","0.14","0.8","0.14","0","0"
"624","ExpM_cond624","500","0.39","0","0.14","0.8","0.14","0.14","0"
"625","ExpM_cond625","500","0.39","0.14","0.14","0.3","0","0","0"
"626","ExpM_cond626","500","0.39","0.14","0.14","0.3","0","0.14","0"
"627","ExpM_cond627","500","0.39","0.14","0.14","0.3","0.14","0","0"
"628","ExpM_cond628","500","0.39","0.14","0.14","0.3","0.14","0.14","0"
"629","ExpM_cond629","500","0.39","0.14","0.14","0.5","0","0","0"
"630","ExpM_cond630","500","0.39","0.14","0.14","0.5","0","0.14","0"
"631","ExpM_cond631","500","0.39","0.14","0.14","0.5","0.14","0","0"
"632","ExpM_cond632","500","0.39","0.14","0.14","0.5","0.14","0.14","0"
"633","ExpM_cond633","500","0.39","0.14","0.14","0.8","0","0","0"
"634","ExpM_cond634","500","0.39","0.14","0.14","0.8","0","0.14","0"
"635","ExpM_cond635","500","0.39","0.14","0.14","0.8","0.14","0","0"
"636","ExpM_cond636","500","0.39","0.14","0.14","0.8","0.14","0.14","0"
"637","ExpM_cond637","500","0.39","0.39","0.14","0.3","0","0","0"
"638","ExpM_cond638","500","0.39","0.39","0.14","0.3","0","0.14","0"
"639","ExpM_cond639","500","0.39","0.39","0.14","0.3","0.14","0","0"
"640","ExpM_cond640","500","0.39","0.39","0.14","0.3","0.14","0.14","0"
"641","ExpM_cond641","500","0.39","0.39","0.14","0.5","0","0","0"
"642","ExpM_cond642","500","0.39","0.39","0.14","0.5","0","0.14","0"
"643","ExpM_cond643","500","0.39","0.39","0.14","0.5","0.14","0","0"
"644","ExpM_cond644","500","0.39","0.39","0.14","0.5","0.14","0.14","0"
"645","ExpM_cond645","500","0.39","0.39","0.14","0.8","0","0","0"
"646","ExpM_cond646","500","0.39","0.39","0.14","0.8","0","0.14","0"
"647","ExpM_cond647","500","0.39","0.39","0.14","0.8","0.14","0","0"
"648","ExpM_cond648","500","0.39","0.39","0.14","0.8","0.14","0.14","0"
